population_id	n	PC1_AVG	PC2_AVG	PC3_AVG	PC4_AVG	PC5_AVG	PC6_AVG	PC7_AVG	PC8_AVG	PC9_AVG	PC10_AVG	PC11_AVG	PC12_AVG	PC13_AVG	PC14_AVG	PC15_AVG	PC16_AVG	PC17_AVG	PC18_AVG	PC19_AVG	PC20_AVG
ACB	95	-0.1416819861678626	-0.06464665010194337	0.00480869957666366	-0.004106377737574502	0.007280109878652226	0.002500394766917052	0.0077610094397718545	0.008910331229174237	0.0022873982123248343	0.00023001053753006798	0.003139229175920409	-0.002629569684429989	0.002294709995656187	0.0003154839922656581	0.001863166739915215	-0.0008198947258663175	-0.00757831491280168	-0.0022679037273630907	-0.01018069931198064	0.0002705628929966316
ASW	55	-0.11867104842235054	-0.06367367954320886	0.006800442524193876	-0.005428920165660616	0.008982323980267251	0.00209809930516166	0.005635233385220184	0.005192510769035703	0.0022540363594225885	0.00033214272469042096	0.00238231849272734	-0.0032254258918882773	0.0012105504342242138	-0.0018277954233638259	0.002320854803934234	-0.001120776278061371	-0.0047027420226885665	-0.0005301650858553809	-0.005649121405269484	0.0005414170623511375
Aari	2	-0.101674	-0.05944795	-0.00553991	-0.00639679	-0.03341505	-0.00824847	-0.03784145	-0.03256695	-0.01560355	-0.009497005	-0.01758925	0.009441564999999999	-0.01198655	-0.010768525	0.04141525	0.009803705	0.0387103	0.008784095	0.050826800000000005	-0.003596735
Abkhasian	2	0.09429085000000001	-0.0659111	-0.025862299999999998	0.00157599	-0.0419568	0.011333	-0.0253014	0.024589800000000002	0.02034345	0.001449025	0.03367515	-0.0029278665	-0.0174435	0.0162513	-0.0008822200000000001	-0.021240500000000002	0.007695245	-0.004950355	-0.0229029	-0.001424925
Adygei	16	0.09167871951099917	-0.05989484412359654	-0.01836452516183738	-0.0018901726011876481	-0.025090500368278288	0.010188464265159283	-0.026847436328436013	0.021541679862382045	0.01498771704966622	0.0020110497968869098	0.0342486924943023	-0.0030336773815378133	-0.015217243394645695	0.007254700622466791	0.00013606645943772328	-0.020091017058613724	0.008395754868327441	-0.005259826854764792	-0.020615946823533928	0.0071581312253848825
Agaw	2	-0.03083355	-0.0681667	-0.007371685	-0.01890785	-0.0697262	-0.008925205	-0.025423599999999998	-0.00042526499999999987	-0.02683775	-0.016404600000000002	-0.0184031	0.006102679999999999	-0.007085655	-0.010014225	0.038412550000000004	0.008776205	0.0406284	0.009581880000000001	0.04467195	-0.0040421599999999995
Albanian	1	0.106122	-0.0811918	0.00534968	-0.0352649	-0.0241273	-0.0026666	0.00202276	-0.00410663	0.00191918	0.00112723	0.0135877	0.00128677	0.00382432	0.0158175	0.00188721	-0.0179949	-0.00888605	-0.013375	-0.00175551	0.000369565
Aleut	2	0.0449466	0.04701345	0.06357460000000001	0.023602400000000003	0.025800299999999998	0.005525505	-0.0204237	0.016617149999999997	-0.017823850000000002	0.011743300000000002	0.0008709079999999999	0.00219065	-0.002682765	-0.006183185	9.373499999999996e-05	-0.0016337445	-0.000271939	-0.0025282005	0.000348402	0.037260749999999995
Altaian	1	0.0214897	0.0888282	0.0102348	-0.0167029	0.0125407	0.012085	-0.0237375	0.0217438	-0.0252085	0.045763	0.000926158	-0.00359366	-0.00549663	-0.000942246	-3.94036e-05	0.00317698	0.00124814	0.000646611	0.00122576	0.0191243
Amhara	2	-0.0415977	-0.06871015	-0.0070163199999999995	-0.01638415	-0.0634982	-0.009117924999999999	-0.02759015	-0.008391655	-0.02161715	-0.013874250000000001	-0.021943900000000002	0.006935945	-0.01132035	-0.007812695	0.0415173	0.00784071	0.040297650000000004	0.00511651	0.04684339999999999	-0.002346425
Ami	2	-0.01322275	0.1478335	-0.00921432	-0.04599765	-0.003503005	0.00151584	0.009451874999999998	-0.01006849	0.020575450000000002	-0.0346842	0.0024622249999999997	0.000280191	-0.002234435	0.0022318349999999997	-0.0007711150000000001	-0.0005060745	0.0004525925	0.00040260705	0.0011881679999999999	0.001185144
Armenian	2	0.09114359999999999	-0.07042335	-0.02231475	-0.0056095	-0.058405700000000005	0.0035995999999999997	-0.021249499999999998	0.015957	0.00970839	-0.0005832775	0.02705205	-0.0014882250000000001	-0.010657699999999999	0.02122935	0.004292512	-0.014512114999999999	0.007926045	-0.004433305	-0.012375774999999999	0.001029841
Ashkenazi	2	0.0808208	-0.0605025	-0.00124768	-0.0259678	-0.03484985	-0.0012956405	-0.005629815	0.00399889	0.003180906	0.003418	0.0072927800000000004	0.00175604	-0.004574265	0.0057522400000000005	-0.001020825	-0.0133778	-0.0005909515	-0.0009961305	-0.005898904999999999	0.00013002100000000002
Atayal	1	-0.0137025	0.146541	-0.0116135	-0.0454101	-0.00253257	0.000572744	0.00919386	-0.0120066	0.0205583	-0.0352136	0.00308281	0.000145445	-0.00128718	0.00155476	-0.000376351	0.000247673	-0.000451086	-0.000341431	0.00290567	0.00470556
Australian	2	-0.0144031	0.0728354	-0.0462839	0.02587755	0.02166725	-0.22046949999999998	-0.01033564	0.015541200000000002	0.004586975	0.0020364249999999997	0.002278405	-0.0013509034999999998	-0.000917335	-0.00030758	0.0012800565	-0.001119129	-0.00019901	0.00299959	0.000822591	-0.001989911
BEB	99	0.03373815315142427	0.030605718898587982	-0.06261662818583727	0.05342173811914233	0.009155641032586965	0.002025363175732867	0.0119078702260081	-0.010516572550101471	-0.007341130557081872	-0.0009155601719533888	-0.007222634931078352	0.0021296705234711754	0.007116445458772516	-0.002425511795188442	0.0013497455072004995	-0.003513534118294779	0.0018650001413052738	-0.00037666285003294946	-0.0014189827978204153	0.002891146794315528
Baka	2	-0.16998950000000002	-0.06418445	0.00176457	0.00010654349999999997	0.00639246	-0.003047755	-0.07145660000000001	-0.0837971	0.006161455	0.006079365	0.0006626585000000001	0.0002345135	0.00439452	0.003836455	-0.016593999999999998	-0.004242175	-0.01447365	-0.003432755	-0.023546900000000003	0.00016142499999999998
Bakola	2	-0.16899	-0.06405765	0.002390975	0.0005665385	0.00689969	-0.00407665	-0.0737547	-0.0852155	0.0057435049999999994	0.007668825	-7.1332e-05	0.0020374629999999998	0.00044737749999999995	0.0023798450000000002	-0.01880165	-0.002938135	-0.012723149999999999	-0.0013386885	-0.021401	-0.0004912849999999999
Balochi	24	0.06437376325304937	-0.03402927017412001	-0.04989428957307137	0.0410481915512363	-0.017739332872126253	0.016058412572880053	-0.02542528492978205	0.021038845054999505	0.017181576503100746	-0.0030022474750656817	0.035246404224848184	-0.011546406277565962	-0.03891274067841512	0.013127160251601178	-0.007179397642003829	0.02432078492781929	-0.01755305841583401	0.006021857463177682	0.015203834012324785	-0.006730987051314134
BantuKenya	10	-0.15852834829543125	-0.06226143719058509	0.001617051580799569	-0.0018681014136286026	-0.0027234145276108235	0.0005686252359928859	-0.010712950310121394	-0.008952487942207543	-0.002580100416693545	-0.0012389663446233177	-0.002842353005802894	0.0014707001064161755	-0.0028467506529661264	-0.005314741885889005	0.04061806829224989	0.010617413227959283	0.006521459189083907	0.003973254442362234	0.018998710006511522	-0.00024980843021514407
BantuSouthAfrica	8	-0.1668236258605225	-0.06381308538970401	0.0024263586591407	-0.0011015150678031593	0.004530444957394578	0.00039769487836339545	-0.02167437485336176	-0.02271277972735414	0.0017677230780156863	0.003111898241877645	0.0013571714143792225	-0.0015231795494033773	0.0009714661698207147	-0.0003444770743939126	0.010723049202028394	0.0034145186766728415	-0.006099249388424768	0.00023655040474386164	-0.00158508999120422	0.00017126343455792074
Basque	23	0.11313285183212693	-0.08910378728892737	0.02181772808779781	-0.04839812249699403	0.006859422526696834	-0.009675733602645932	0.03597660145908467	-0.031625044476023	0.01024473929517627	0.028187467193986234	-0.010558344447863034	-0.01636833085311973	0.012212789876312321	0.023635843958606368	-0.013337458708107194	0.0945350281050785	0.030483992610554417	-0.03533387781434269	-0.019339371341866172	-0.006326805952105382
Bedouin	46	0.06109498315139709	-0.07493034646657407	-0.014586327661352507	-0.020400941549569153	-0.08991090278902214	-0.005423733445288313	-0.022958026358337123	0.019029735906438968	-0.02568893983944551	-0.023331254465201425	-0.02016950598237419	-0.024643268942462222	0.004488020648234498	0.002256483408961068	0.0006449852033306664	-0.005559531531681936	0.0044726286168160455	-0.0021217604106744774	0.002667364675732948	0.0012424518735636501
Bedzan	2	-0.17125249999999997	-0.06617535	0.00179608	-0.00042008394999999997	0.007664045	-0.0006808249999999999	-0.0652089	-0.0760701	0.003914674999999999	0.006732355	0.002413175	0.0005828944	-6.173999999999991e-05	0.0035943299999999997	-0.01291186	-0.002053645	-0.01353115	-0.0023976149999999996	-0.0216318	-0.0013155315
BergamoItalian	12	0.10798202100189826	-0.086030636065054	0.010135760919608104	-0.03925869873799437	-0.011978227806263956	-0.005036679889348814	0.009857841352965633	-0.008980528645008914	0.005433455433338864	0.008596011347422551	0.0032059467076890925	-0.000110518010091355	0.0008039542133247568	0.009296637627944467	0.003858666047679513	-0.018695315125608552	-0.008744071905334497	-0.0039008981935345715	-0.0022325878275821567	0.004123991954654645
Biaka	21	-0.1707959086751714	-0.06487311761007346	0.0015061344277544192	0.0010203301927088626	0.008063976092624351	-0.003314884636143846	-0.0785227851108824	-0.09209494283760203	0.005602174031703478	0.006863613352447861	0.0012289781691873873	0.0003921647262797739	0.0018674236169049282	0.004910218750142206	-0.022510213802977692	-0.005270587786027939	-0.016858729361416348	-0.004312983326561095	-0.030190989393382182	-0.001966207038800915
Bougainville	10	-0.014303037306457654	0.08533133763597485	-0.040326236890565886	0.01243860928876965	0.020778309090923135	-0.21935899363608144	-0.01292136658002394	0.016267460489564206	0.014883699974750081	-0.005827923359398655	0.00447793447902877	-0.0019104466268298822	-0.003640942674575981	-0.0006954304393906431	0.0016741942229046782	0.002291636271921105	-0.0028116173474917114	0.002684119581940399	0.002205972857289945	-0.004482407623051522
Brahmin	2	0.04853375	0.0043225095	-0.06443155	0.0604469	0.008249215	0.00549522	0.003718355	-0.0022051700000000002	-0.0007153719999999999	-0.000783436	0.001704622	-0.00153818	-0.000640762	-0.0007634235	0.0006576569500000001	-0.00014141000000000002	-0.0014294250000000002	0.002288451	9.696500000000007e-05	0.002378865
Brahui	25	0.06578324807890883	-0.035157416385257136	-0.05065228156338627	0.0418086921545715	-0.019903336742220876	0.016445162653054794	-0.02791925689108914	0.02291931908306635	0.018939156248906484	-0.003627165002214129	0.039989684131016036	-0.013726502547459211	-0.04643534159010383	0.01760626392264024	-0.009064528652231691	0.032612093410462006	-0.023731596001182343	0.006561505434060457	0.02045614860652348	-0.010448675034354966
Bulala	2	-0.1311515	-0.0624386	-2.521149999999998e-05	-0.0056593400000000006	-0.01621465	-0.0005267715750000001	-0.004701435	0.00145645905	-0.009931665	-0.007138525	-0.01639815	0.00549213	-0.009198615	-0.007393255	0.02935435	0.01080332	0.02415205	0.005443274999999999	0.03777105	-0.0035740600000000004
Bulgarian	2	0.10542750000000001	-0.079293	0.00528657	-0.0293907	-0.004773795	-0.0021017265	-0.004052665	0.0031185555	0.0024487008	-0.00061922	0.0013553645000000001	0.002110842	-0.000736124	0.0063812700000000005	0.00294342	-0.018307	-0.007461915	-0.0038028100000000002	-0.00413973	0.006608185
Burmese	2	-0.0036350354999999997	0.12352950000000001	-0.01706175	-0.022012749999999998	-0.000673727	0.0028840899999999997	0.0036241970000000004	-0.0035305500000000004	0.00370917	-0.004025105	-0.000979032	0.001958722	0.002295395	-0.00213694655	0.0023318749999999997	-0.000640704	0.0007999875	0.000622959	-0.00045717669999999997	0.00634671
Burusho	24	0.05768545452698054	-0.002386816389374562	-0.04474309817485614	0.04235756057322621	0.005518400532092137	0.013622229591016107	-0.016082113239913976	0.013109995102319432	0.012050018085634284	0.006071362974249687	0.012037234392386374	-0.005533236838767774	-0.011873241173772763	-0.004308817871889706	-0.0028800767746027752	0.000779410037667733	0.0017070418512330032	0.0005453275815327727	-0.006710219151103559	0.010124467268563822
CDX	90	-0.013497345133621707	0.1466059303391674	-0.011042125147578807	-0.04485234597849549	-0.0034360159534139604	0.0033483169935589335	0.010926495098233917	-0.011718812223251142	0.020491338380539806	-0.037785101756493876	0.0018992849063886662	0.0016760206531995325	-0.00323168766521093	0.0013546671990479655	-0.0005889028874500289	0.0008937854061444764	4.4767354503230977e-05	-0.00027317088570629676	-0.00020924925870419124	0.009083950588328034
CEU	120	0.11261783640275463	-0.08305456813901929	0.016498444009506938	-0.03270617321976067	0.03452611721825355	0.0013966955193601609	0.0008065618158443296	-0.0026341627175732987	0.005039953253308503	-0.0012859680783503164	0.004755044579285845	-0.012580867425264397	-0.0016200895297878552	-0.0236106158889746	0.0021134932168768157	-0.011182839304585877	1.2324182394459183e-05	-0.0024464472204638846	0.003382463660619861	-0.004046124414734145
CHB	103	-0.011608645247222592	0.14730465161193693	-0.002426621488737336	-0.04234385236016084	-0.002487592207405839	0.00734620042281528	-0.0037667287273023555	0.0033307259725419897	-0.002759128655947143	0.010043191119296618	0.0008238165429498648	-0.0013037950362902713	-0.0002986086406699235	-0.0005486340288525817	-0.00013687965835459433	0.0003971328578898294	-0.00046356740997506726	-2.978229096724873e-06	-0.00047290305860220165	-0.003993307590383914
CHS	103	-0.013072985349705553	0.14993689254781684	-0.005446699114044372	-0.04532559972468057	-0.0031268183382048196	0.006069955319762751	0.0019334083188222763	-0.0024770772602257206	0.006056138074390192	-0.007314859913748041	0.0014623247412257612	-0.00033451306354898507	-0.001428153667006637	-2.8444892550906322e-06	-0.00046839353260848374	0.0006431779249532487	-0.0003362416378768304	-0.0002540170035647991	-0.00013230720416783546	-0.0014641279328400213
CLM	97	0.06294078953351682	-0.03193610877584742	0.05842856990857577	0.008266766393523362	-0.008942034340712307	-0.0048997476739074935	0.01329047851071128	-0.01060876029851465	0.003722091697665934	0.006496050056293854	-0.003052966327996428	-0.0025798699170714806	0.000891121977831463	0.005455818117717825	-0.0030496348374027867	0.016803571533635223	0.006103901883090396	-0.016818136177750236	0.0007114366437710099	-0.004194266355592968
Cambodian	9	-0.008883531285909553	0.12654806834359972	-0.01969395182268351	-0.028009423926386626	-0.001247877017483169	-0.004112647044749457	0.013328148694080595	-0.013914740475575806	0.01778989140127769	-0.03901938159780973	-0.0008369770454464231	0.0024856437109443664	-0.000730499334142311	0.0007411392613276797	0.0003495972177112339	0.0007709171101322519	0.0020025585357702842	-0.000537893001085716	0.0011207963140030964	0.011124987334933138
Chane	1	0.018605	0.107987	0.18056	0.128712	-0.0100154	-0.00148958	-0.00424148	-0.00197986	0.000798258	-0.00601689	0.00167833	0.00041621	-0.000266957	-0.000199408	-0.00247232	-0.00478137	-0.00282198	-0.00059974	-0.00152174	-0.00267339
Chechen	1	0.0934578	-0.0600746	-0.0160011	0.00521612	-0.0193651	0.0103322	-0.0271819	0.0176256	0.0121056	0.00293549	0.0297663	-0.00154318	-0.0130535	-0.00316069	-0.00603204	-0.0124122	0.0121636	-0.00737512	-0.0147423	0.00566495
Chipewyan	2	0.0162122	0.1070705	0.11857300000000001	0.0810623	0.0049042949999999995	0.0043031300000000005	-0.0139676	0.0120584	-0.010626615	0.009462465	0.0001507805	-0.00327875	-0.003156215	-0.006493220000000001	-0.00046756250000000004	-0.00311862	-0.001505635	-0.008215130000000001	0.00148773	0.0342476
Chukchi	1	0.0579493	0.0273921	0.0402826	0.000892035	0.0294016	0.00636271	-0.0189129	0.0198759	-0.0214416	0.026481	-0.00176786	-0.00418423	0.000913849	-0.0098081	0.000373586	0.000730758	0.00417927	-0.00201057	-0.000659367	0.036945
Colombian	7	0.01785848870146423	0.10958686515731308	0.17755936805211212	0.12994992682880765	-0.009851396219553183	-4.820478928257307e-05	-0.002045802222934455	0.0006302321163209369	0.0009199435570457001	-0.00889486437148557	0.0006886041968810774	0.0016055072192615045	0.002505129241809839	0.00041375681689597	0.0006453020815168926	-0.0008811596947961444	-0.0021259609498046105	0.008732900269508079	-0.0029023245319347293	-0.010541007255772096
Cree	2	0.04336039999999999	0.05513915	0.10125655	0.05932745	0.006632415000000001	0.002495605	-0.009853005	0.006049235	-0.002564165	0.002259384	-0.0006676964999999999	-0.0024673300000000002	-0.002839765	-0.0033500400000000003	0.001080363	-0.005121805	-0.00163813	-0.005472305	0.0024563264999999997	0.0291381
Crete	2	0.09649975	-0.080912	-0.00472815	-0.02609005	-0.045633049999999994	-0.0018244200000000002	-0.006128285000000001	0.005271605	0.0030018645	0.0030450349999999998	0.011021880000000001	0.003285945	-0.0013732485	0.014686600000000001	0.00314823	-0.01440197	0.00256184	-0.0017698699999999998	-0.007273845	-0.001790638
Czech	1	0.11074	-0.0795351	0.0166821	-0.0330537	0.0355266	0.00331123	-0.00633543	0.00530767	-0.006499	-0.0106462	0.00250638	-0.00420366	0.00172915	-0.00392909	0.000962283	-0.00755137	-0.0048832	0.000674331	-0.00969046	-0.00561803
Dai	9	-0.013518415194247714	0.14712028364733182	-0.012253598656643482	-0.044413937010945835	-0.003343330406441756	0.003411498018300049	0.010762053976442244	-0.012462493100219735	0.02137794576843747	-0.0389872875837334	0.0019197335322267053	0.0020945658539458785	-0.003319890942053843	0.0010953499218220094	-0.0005771765416880939	0.0013226303532233588	0.00013881528356828553	-0.00031045418597974077	-0.0012123848800815401	0.009085737392402182
Daur	9	-0.00554121760109904	0.1360190186070177	0.004987004979017237	-0.03310030483785967	0.0017426165832388205	0.0077652151981496996	-0.015845304127300428	0.01496677928138951	-0.02045155180126803	0.03955604677290885	-9.67409840226746e-05	-0.001019389057438327	0.0013252612138799124	-0.0003811524927453976	-0.00013128823648516372	-0.0004513896646603844	0.00041760943103014907	0.0011505659733778498	-0.0007603845313796256	0.00891737905313763
Dinka	3	-0.154398485483595	-0.05949361425828746	-0.002397651228009231	-0.0002468361381837183	-0.006401684666621034	-0.0009847385562216056	-0.016991842907253373	-0.013436411672998682	-0.009241754199840671	-0.004056928230346191	-0.011019214594690591	0.00630357958711343	-0.007829381385737156	-0.012179675474444054	0.05264001461087854	0.016197122665745342	0.03067194085154409	0.00869874418288345	0.05652687156649312	-0.004028289934390845
Druze	40	0.08562136123881732	-0.0763996981606628	-0.01799561350930894	-0.01731123712351919	-0.07994395748205646	-0.00021706099359349352	-0.025279236336690415	0.020200854555913823	0.00303941567005361	-0.008766646493733607	0.04789527922543622	0.053199743495604225	0.058223396847722854	-0.02545408919971462	-0.005780311787436907	0.012358889234868258	-0.001994064895660876	9.104399533879484e-05	-0.0019138901400559132	0.0017472405423857927
Dusun	2	-0.013435200000000001	0.1406905	-0.0145658	-0.04169175	-0.002074055	-0.003955825	0.01208115	-0.0131341	0.02135	-0.042015	0.0011044225	0.002156935	-0.00303785	0.0016687219999999999	-0.002090166	3.4509849999999996e-05	-0.0008119235500000001	0.0006766214999999999	0.00020035179999999998	0.008383209999999999
ESN	104	-0.17002353161528483	-0.06343089041614733	0.003837739532555553	-0.0010656272426647004	0.005460048337461159	0.003226805575029446	0.010608745161179028	0.013282192307314943	0.0018804582429895658	0.00016163625666314684	0.0039510367450678145	-0.003499616409610661	0.003456004771872159	0.0014587530291351864	0.013254987889643414	0.00169803907973323	-0.01633870135816879	-0.003581602614993089	-0.020932628014757773	0.001103009745782514
Elmolo	2	-0.09708515000000001	-0.06376645	-0.001448331	-0.011457965	-0.035216700000000004	-0.006730945	-0.026049	-0.0173648	-0.015592499999999999	-0.006905515	-0.01738885	0.007369425	-0.013257249999999998	-0.010230699999999999	0.044659649999999995	0.009537455	0.03372825	0.006985995	0.04551265	-0.00398987
Eskimo_Chaplin	1	0.0079084	0.117414	0.0741288	0.0395039	0.0112439	0.00463145	-0.0263463	0.0227852	-0.0292497	0.0390783	0.000185653	-0.000387893	-0.00201656	-0.00526831	0.00135304	-0.000597295	-0.000161911	-0.00456297	0.000717001	0.0459662
Eskimo_Naukan	2	0.00958176	0.11622099999999999	0.07825480000000001	0.0434032	0.010475815	0.005043925	-0.0267332	0.02195605	-0.02524885	0.0398843	-0.001012832	-0.0018987605000000002	-0.001014924	-0.0049738000000000004	0.0009760120000000001	-0.002077535	0.00113796	-0.00540394	0.002004685	0.046715599999999996
Eskimo_Sireniki	2	0.008948915	0.1173825	0.07234655	0.0384875	0.00990076	0.006171875	-0.02640915	0.0225014	-0.0277619	0.04099415	-8.16875e-05	-0.00200952	1.8725999999999997e-05	-0.005198895	0.0027202679999999996	-0.00210785	-7.133550000000002e-05	-0.004043545	0.001656103	0.048854999999999996
Estonian	2	0.108792	-0.07410485	0.020827199999999997	-0.031306	0.06665684999999999	0.0044674450000000004	-0.01742705	0.01238735	-0.01352865	-0.02380715	-0.0016274750000000002	0.005359444999999999	0.004910484999999999	-0.0009155459999999999	0.00311456365	-0.006884349999999999	0.001266045	-0.0018821150000000002	-0.0012436650000000001	-0.003725875
Even	3	0.001629426565970677	0.12333163510405751	0.01693931321007474	-0.014121052992878597	0.011796527570841493	0.007364396156557704	-0.030833092604032185	0.028958098441254874	-0.0390834870634327	0.06481396570142266	-0.0028969340502816928	0.0012098719400524508	0.0021518815895686717	-0.000865167880592844	0.0015365821225638285	-0.00032987141277059513	0.001415084874220484	0.002807140351651782	-0.00022510219613129597	0.04651007612385824
FIN	99	0.1034931533342772	-0.06176999785285578	0.023075120729715962	-0.02977191746511508	0.07850062159218275	0.006689951835924754	-0.030157513638968545	0.023393417067163618	-0.03295167308277488	-0.03507155088293401	-0.013911145836534017	0.027161780421058164	0.005013436940404827	0.028595542227070385	-0.0009181619223737493	0.007166600162889284	-0.001782292300098612	0.0013348997905276582	-0.000987233975790964	-0.005337629979564903
French	28	0.10968658044907795	-0.08313595668788024	0.015121161377693888	-0.03640868256387584	0.018114240683703143	-0.001171046824475996	0.007927384966527723	-0.00854895622143336	0.0060957307454604865	0.004284495686310449	0.0047032648834658495	-0.008347377194478351	0.00020980956398689227	-0.010719506028505514	0.001159849223052987	-0.006744361150994897	-0.00022668544711947	-0.002555942441509389	0.00252501857047508	-0.0030643354276476764
Fulani	2	-0.0875996	-0.0713369	0.005588195000000001	-0.01691525	-0.0283413	-0.004969095	0.020044199999999998	0.01103516	-0.011444300000000001	0.00166828	-0.019494400000000002	0.0199054	-0.01543205	-0.004669815	-0.0315607	-0.0034620099999999997	0.022408900000000002	0.004754485	0.024825399999999997	-0.002357555
GBR	89	0.11153191035182759	-0.08138522014198178	0.01694154378484594	-0.033029334571757045	0.036349685442696456	0.0015053668608036364	0.0028486503264422446	-0.003963537094310338	0.007813107722200912	0.0005560757166229423	0.005549167774670958	-0.015986406924918116	-0.0018553851676928615	-0.029732969715830993	0.00177787242627508	-0.010959624536125756	7.698008539794625e-05	-0.0018134899620118135	0.00455424654923535	-0.004570253825602537
GIH	100	0.04484054449488155	0.008537740024467536	-0.07256323396969672	0.06799459290727888	0.008229425581641699	0.0077367583265896996	0.010264502082383244	-0.008331234110574537	-0.007827856393150201	0.001847793801674026	-0.002573625490143382	0.001023262630321712	0.0051629395479606405	-0.003531377616162725	-0.0006667830608708029	-0.004697928759858207	0.0017289855455228742	-0.00257529639267417	-0.011872797607228933	-0.006363857915248923
GWD	118	-0.16369019209699892	-0.0634479766172628	0.0032784333128900683	-0.0018701530772228497	0.0024751752460381647	0.002230723846963863	0.01395811121771	0.014603686163637945	-0.0002355161169511569	2.540084462651894e-05	-0.000920159849184824	0.0025096675105927006	-0.0007401219288801096	0.0025013372129040357	-0.037425192926877154	-0.008545798014880347	0.020580814479752633	0.0009731119676671245	0.022706570074288106	-0.0017701096636472044
Georgian	2	0.090902	-0.06949275	-0.0268184	-0.001108656	-0.0460551	0.008233755	-0.025460200000000002	0.0196941	0.021535949999999998	0.001592948	0.03678065	0.001203395	-0.0164126	0.01518825	0.00016029549999999998	-0.01797145	0.0070009949999999994	-0.0011805613	-0.017013050000000002	-0.00137883
Greek	2	0.0991305	-0.07872925	-0.00912679	-0.0211181	-0.0403746	6.695000000000008e-05	-0.008193355	0.009999365	0.007863415	0.0006556475	0.01420858	0.0016607949999999998	-0.0031499650000000002	0.01157218	0.0008086850000000002	-0.02234335	0.005878465	-0.0036951650000000003	-0.0093049	0.00252041
Hadza	2	-0.10902999999999999	-0.06022860000000001	-0.00373247	-0.0054941065	-0.02634506	-0.00674879	-0.03544585	-0.03233905	-0.013321665	-0.0077518199999999995	-0.016025075	0.009204605000000001	-0.009104355	-0.009542575000000001	0.04020255	0.00976498	0.029800300000000002	0.005514125	0.0438717	-0.001248838
Han	33	-0.013169710712014048	0.14997194094012672	-0.005619451773662469	-0.044843988271258246	-0.0025250436938398877	0.006277060020080084	0.00167786848709847	-0.0024852521882391516	0.005509287599009661	-0.006638339238448421	0.001422684315977146	-0.0002993082953997686	-0.0014499411991928533	-0.0004186394117160121	-0.00035049761379175463	0.0006719912411456627	-0.0004655821586604951	-1.0288683720239053e-05	-0.0006939067906520305	-0.0012396690786784157
Hawaiian	1	-0.0174458	0.13464	-0.0136964	-0.0401738	0.000149869	-0.0194234	0.00934981	-0.00718748	0.0196045	-0.0302354	0.00127616	0.000546316	-0.00367247	-8.01171e-05	0.00121148	0.000952365	-0.00165035	-0.00234018	-0.00176338	0.00602867
Hazara	17	0.038652671209220134	0.04487582065202157	-0.013569421822448701	-0.0012565790125001232	0.001606363593334268	0.009984891794141007	-0.019540627173806533	0.01784417828725851	-0.005940578411930309	0.02206249054947414	0.01004601435564972	-0.0038774802682136848	-0.005818774542700207	-0.001470927052159144	-0.00028945092003011824	0.0007258063108967029	0.0008749743722623242	2.1280427804465075e-06	-0.0010135600574379367	0.011217355200315044
Hezhen	9	-0.008425702078705088	0.14007103714634467	0.005653549669452289	-0.031814799824709285	0.0016353803969915647	0.0068694709690533115	-0.01514864259150438	0.013691314211211536	-0.018149214349393195	0.03695745155806516	-6.99176076985001e-05	-0.0014538818129238404	0.0008248600637623689	-0.0006055030342487084	0.0004238365487091797	-0.0004258372902643324	0.0006321577292395214	0.0013946954469841967	0.00030813377130178295	0.008881959238999195
Hungarian	2	0.1083765	-0.0768311	0.0139817	-0.0322429	0.0297123	4.7610000000000013e-05	-0.005821475	-0.0007297215	-0.0006118399999999999	-0.00516463	0.004797445	-0.00818592	0.0060569149999999995	-0.01226845	0.00247185	-0.010580765	-0.0010245599999999999	0.00294363	0.00374081	0.00544913
IBS	107	0.1038573924435717	-0.08555050974992448	0.015003559789300572	-0.041787284772143475	-0.002971901714061339	-0.00642915442425297	0.01815473721626749	-0.01555078159947365	0.004421472608409186	0.01204394163272967	-0.004398523968927341	-0.0028494062209925126	0.001895586185601036	0.004013326311213188	-0.0008906842773752557	0.00972962379321679	0.0017041092090034579	-0.0038022561253302756	0.00030967327883621714	0.00024601138922938275
ITU	103	0.03716931470678931	0.017715767142430436	-0.0757510064475779	0.06874453178294743	0.0037923418214883473	0.003608154514844146	0.012219872058173284	-0.010194462779347012	-0.009760017609568841	-6.795875722044135e-05	-0.0047815449085714	0.002796783717760277	0.004753394106330121	0.0015702948677131	0.0009351937466906835	-0.0005151899929751522	0.0002669524446209447	0.00022590656717038398	0.002757070657525209	2.3559849412997177e-05
Icelandic	2	0.112389	-0.08096305000000001	0.01744445	-0.031465	0.0494857	0.004968805	-0.0005175749999999999	-0.002654027	0.0019023199999999999	-0.00388400855	0.007881805	-0.01181715	-0.001573495	-0.0289091	0.002449565	-0.006100635	0.00536498	-0.00208984	0.006161514999999999	-0.00448281
Igbo	2	-0.169813	-0.0640229	0.00354757	-0.0012324185	0.00610354	0.00293391	0.0062140649999999995	0.008086045	0.0019410234999999998	0.001730025	0.002642755	-0.002975245	0.0009803495	0.001693257	0.0131987	0.001960333	-0.0170758	-0.0019443485	-0.01970135	0.0011110485
Igorot	2	-0.012768350000000001	0.1478535	-0.009819330000000001	-0.04386065	-0.003872055	-0.00051153	0.00782342	-0.012840049999999999	0.0202766	-0.0336857	0.0013295450000000001	-0.00020246799999999997	-0.0009512855	0.0008849805	-0.0012595865399999998	0.001794865	2.041400000000001e-05	0.001357239	-0.002570275	0.0022038
Iranian	2	0.0804562	-0.0558502	-0.03077805	0.01299001	-0.0398849	0.0073817150000000005	-0.02366855	0.01849325	0.01340705	-0.0015599604050000001	0.0279721	-0.006441280000000001	-0.0158398	0.00904918	-0.0057948	-0.004895195	-0.0015141350000000002	-0.0042792	-0.005075651495000001	0.0019334099999999998
Iraqi_Jew	2	0.0861062	-0.07343525000000001	-0.02256735	-0.009228065	-0.07306415	0.00013565449999999998	-0.01883425	0.01334895	0.003903135	-0.001480775	0.0168672	-0.00103877	-0.011594165	0.02313495	0.00574457	-0.013293099999999999	0.012582585	0.00086513	-0.004108364999999999	0.001345115
Iraqw	2	-0.0798886	-0.06665304999999999	-0.00383705	-0.0123431	-0.0466534	-0.009649325	-0.030997499999999997	-0.020004300000000003	-0.02115305	-0.011369955000000001	-0.02004025	0.010595634999999999	-0.010049935	-0.0119752	0.04407725	0.0111476	0.03804525	0.0068952300000000005	0.048376050000000004	-0.002445525
Irula	2	0.0257752	0.033854999999999996	-0.0728458	0.0650719	0.0067685	-0.002803815	0.01941855	-0.017359100000000002	-0.0169668	-0.0023702245000000004	-0.0127048	0.00649093	0.01019093	-0.0015829075	0.004995055	-0.0005496100000000001	0.00429535	0.002464705	0.002856254	0.000511633
Itelman	1	0.00725914	0.1188	0.0397238	0.012645	0.0170176	0.0073373	-0.0287357	0.0278698	-0.0340687	0.0526647	-0.000866193	-0.00342734	0.000212067	-0.00351015	0.0011461	0.00243187	0.000409922	-0.00163481	-0.00275766	0.0477965
JPT	104	-0.01251975748519875	0.14665503859111348	-0.0008510404696690018	-0.03759160247377238	-0.0017241605205477162	0.004921543922522008	-0.007718679436258747	0.00841008972531281	-0.016617353020192512	0.03380189223414917	-0.001952123223354666	-0.002111476583134544	0.0035592173580164268	-0.0006777705453813051	1.5465502762656514e-05	-0.0016119156268256543	-0.0007627397286658696	-0.0005290934473480858	0.0014754320753636477	-0.02474331560357912
Japanese	27	-0.012085385625967615	0.14706669053072952	-0.0009595401967001939	-0.03812935221908633	-0.0018539785686949653	0.004792806464878433	-0.007859963691291156	0.009067551804299263	-0.01661012227971623	0.033625418162915637	-0.0014618134813704294	-0.002655331627758857	0.0032709436157403937	-0.0005992986082907309	6.680816717193182e-05	-0.001127433622198015	-0.0011219100549574022	-8.088564502556003e-05	0.0011750115147647542	-0.02492866166050243
Jordanian	3	0.0716273753653113	-0.07405843224434068	-0.014212513657638183	-0.01645679701833553	-0.07300601346679211	-0.001895965739294588	-0.01551048314483806	0.012705441544804992	-0.009196671149670259	-0.005365437572395535	0.004945048553177522	0.0017753213777255178	-0.00886722192550629	0.015368293881820838	0.007419922514788683	-0.01909316002701469	0.01571427553648998	-0.0027833413726323537	-0.0037575329735822895	-0.0018745025793442775
KHV	101	-0.012429964373153418	0.14430104996558393	-0.011243387511222657	-0.042159045507057374	-0.0030974097688437475	0.0030282915879823215	0.00915802403493737	-0.010081009152490883	0.01704804756197735	-0.03109573020943256	0.0013675413446594324	0.0013233749501381756	-0.002432622852048498	0.0006879979465228362	-0.0006287367910075876	0.0004899576513008886	9.216548567688171e-05	-0.00042118646407524935	-0.00015254573494901386	0.006258864235607603
Kaba	2	-0.16697499999999998	-0.061875200000000005	0.0028360950000000003	-0.00011392889999999999	0.00091372275	0.001507565	0.001182446	0.003834675	-0.00018202699999999997	-0.00010882000000000014	0.0011177885	0.001636895	-0.00112989	-0.0038906	0.012553149999999999	0.00317805	0.001660815	0.002113725	0.0042001750000000004	-0.0002888485
Kalash	21	0.07179366482908686	-0.025053019492740816	-0.048077401291007606	0.050927110750371325	0.009004948809759106	0.025430975270521808	-0.06349104144252456	0.06261452505571358	0.15262736489848522	0.034990575918609705	-0.11107830186975663	0.018407912556320447	0.029076461725557806	0.005005198963782791	0.003956355167276623	-0.003056805013565588	-9.722493832012581e-06	-0.001146106971257163	0.0027022964614082517	-0.003767472438425551
Kapu	2	0.0327955	0.02455005	-0.06975995	0.0655364	0.004726805	-0.00189635	0.01654255	-0.0108556	-0.0117783	-0.0003954900000000001	-0.011184385	0.00524178	0.00823779	0.0005304199999999999	0.0025611	-0.0049623	0.0020552085	0.0006229849999999999	0.000396454	-0.00199414
Karitiana	10	0.01849444101474289	0.11047713901289166	0.18471072828150079	0.1370668095759769	-0.01165277891017553	-0.0004374571152022799	-0.0007894980191899116	-6.0068354379675834e-05	0.003946195177614437	-0.02011786762780179	0.002301488705058541	-0.0004419552257192243	0.0053848515482944614	-0.005018202553050663	0.001606867049914148	-0.009698566446178433	-0.001247106960530356	0.05489590498993611	-0.019829280958348378	-0.147647648764146
Kashmiri_Pandit	1	0.0575398	-0.00855195	-0.0510528	0.0480775	0.00350583	0.0120866	-0.0156213	0.0100371	0.0105826	0.0047985	0.00827362	-0.00237297	-0.00981362	0.00299696	-0.00194298	0.00213699	-0.000450538	0.00400489	-0.00136263	0.00321726
Kharia	1	0.00749662	0.0674025	-0.0626454	0.0388712	0.0105598	-0.00901741	0.0276399	-0.022824	-0.00861481	-0.0111586	-0.0184363	0.008945	0.0173897	-0.00504356	0.00165421	-0.0051401	0.00199729	-0.00300588	0.00395385	0.00636958
Khomani_San	2	-0.161696	-0.0640333	-0.000912769	0.0005354945	0.00519233	-0.0109403	-0.122567	-0.13880949999999997	0.003923245	0.0121961	-0.0004458	0.00315357	-0.00428658	0.00275155	-0.04787795	-0.0153147	0.001647045	-0.004028085	2.682500000000007e-05	0.00373107
Khonda_Dora	1	0.00357454	0.0793596	-0.0577589	0.0359321	0.00675853	-0.00848146	0.029051	-0.0244213	-0.0104847	-0.0175212	-0.0201	0.00757596	0.0145699	-0.00124274	0.00558148	-0.0065655	0.00556625	-0.00113189	0.00390682	0.00662891
Kikuyu	2	-0.1254655	-0.06272230000000001	-0.000625469	-0.005590915	-0.02080245	-0.004404715	-0.016126599999999998	-0.0106167	-0.008387815	-0.006546625	-0.010481435	0.00383221	-0.00497531	-0.006366805	0.03912235	0.009696275	0.01771845	0.0071862950000000005	0.02934855	-0.00356865
Kongo	1	-0.167999	-0.0624003	0.00160145	-0.000739774	0.00365592	0.00565739	-0.00486724	-0.00670572	7.52e-05	-0.00159722	0.00188798	-0.000739805	0.00109801	-0.00149506	0.0183451	0.00350021	-0.00881535	0.00133073	-0.00445459	0.00208779
Korean	2	-0.010496	0.1488045	-0.001809073	-0.0408554	-0.002117105	0.008128825	-0.007260565	0.006963235	-0.00949917	0.02072905	-0.001157055	-0.001258009	0.001189685	-0.001219376	0.0015516050000000002	0.000339945	0.0018144494999999998	0.001550755	-0.0012404995000000001	-0.006910100000000001
Kurumba	1	0.0160513	0.0494453	-0.0737452	0.0631775	0.00856049	-0.0137844	0.0250252	-0.0223086	-0.0195951	0.00227064	-0.0207377	0.00603181	0.0140991	-0.00251686	0.00436514	-0.00614646	0.00481378	0.000132304	0.00676282	-0.00228452
Kusunda	2	0.002822205	0.09496874999999999	-0.03479295	0.010673414999999999	0.006112360000000001	-0.003063186	0.006305	-0.00942177	-0.01169837	0.00947601	-0.008493569999999999	0.0024998800000000003	0.011293065	-0.0033848	0.003932285	-0.0021233800000000002	0.0016172795	-0.00159836	0.000433715	0.00182763
Kyrgyz	2	0.02601935	0.075104	0.0031961000000000003	-0.015797949999999998	0.005678664999999999	0.00991295	-0.018480200000000002	0.0184351	-0.0135428	0.03101805	0.00449278	-0.00378008	-0.0009252	-0.00424006	-0.000957804	-8.850199999999999e-05	0.0015472749999999999	0.001801065	-0.0012980580000000002	0.01300655
LWK	93	-0.15767241356693065	-0.06210769564177944	0.0013962233659505514	-0.0015979767065138594	-0.002335259787917533	0.0006243982632447867	-0.011679390435692917	-0.009579764921551317	-0.0029261420424231363	-0.0019571289004616864	-0.0033767134056336607	0.0007190454513596587	-0.0022565548951657037	-0.005484649583134634	0.04349873324094924	0.012221639346828446	0.006959705857621904	0.003941775939672502	0.021211426290241125	-0.00027939758746614227
Lahu	8	-0.012375499462037544	0.14419777747399642	-0.01011586871340274	-0.040194774591512515	-0.00249350572413836	0.0013832142328850364	0.006045402490003949	-0.00753084600756798	0.012567360561035185	-0.02381451002154495	0.000796333398273578	0.001566414499578721	-0.0008563592177316148	0.0003755995185324723	0.0008732357436972804	0.0002880285633782054	0.0006814991002526927	0.0002602352326385887	-0.00027822016258291954	0.0077791375897133695
Laka	2	-0.165021	-0.06319665	0.001656905	-0.0014729015	0.002328295	0.001392236	0.002844635	0.00272121	0.0005396000000000001	0.00195614	0.0009781109999999998	0.0002023685	-0.000587234	-0.003234315	0.014052700000000001	0.0052071949999999995	-0.0009293165000000001	-0.000515363	0.001797665	-0.0008119290000000001
Lemande	2	-0.1703845	-0.06411615000000001	0.002326335	-0.0007687704499999999	0.00564909	0.0010094795	0.0010848035	0.00202391	0.0017521915000000001	0.0008276574999999999	0.0047572050000000005	-0.00242982	0.0027992200000000003	0.00182127	0.01865895	0.00395809	-0.009821745	-0.00022581	-0.007882225	0.0011828255
Lezgin	2	0.09235605	-0.062854	-0.02089265	0.00986782	-0.012744100000000001	0.01246245	-0.027917499999999998	0.0258918	0.021023149999999997	-0.002886226	0.03174125	-0.0057749	-0.02238225	-0.00405706	-0.001033902	-0.0164561	0.005670315	-0.004069745	-0.011438345	0.005348469999999999
Luhya	1	-0.156395	-0.0618722	0.00243938	-0.00132568	-0.000844465	0.00102756	-0.0122759	-0.0103211	-0.00338561	-0.00228705	-0.00289244	-0.00110872	-0.00310402	-0.00433286	0.0422639	0.0142948	0.00668087	0.00358552	0.0202632	-0.00101155
Luo	2	-0.1579265	-0.059958250000000005	-0.0006037125	-0.001052335	0.00098877435	0.0011104024999999999	-0.009907835	-0.009150519999999999	-0.00506709	-0.002238325	-0.0038134349999999996	-4.083950000000004e-05	-0.00222741	-0.006093055	0.0415694	0.010762299999999999	0.01037272	0.004266615	0.02025695	0.000516243
MSL	83	-0.16953235906515268	-0.06357269523848029	0.0035649312397341678	-0.0008445063875279943	0.005311727579348357	0.0019948888060604885	0.007265032840613599	0.008365525790796684	0.0018834753754040205	0.0003043207615522102	0.0026214600241694684	-0.0006164290696928366	0.0023597228759755944	0.003085879728334071	-0.023598327031613825	-0.006072026802943036	0.006031363555459633	-0.0019301294193652015	0.0044495948730436715	-0.0005017216165574493
MXL	63	0.04955415844796681	0.009826533792757676	0.08812571645337464	0.041159983229177924	-0.009121836854677401	-0.0024846034153425	0.0054810056566407615	-0.004143705090221413	0.001387977283510449	0.0013614842181189739	-0.0007549389948759659	-1.823067052419504e-05	-0.0010175865346666473	0.0012827864222163868	-0.000965100993711592	-0.0005340816230030947	0.00011308293614452929	-0.0077503963861764264	0.0030894638507046254	0.012577218954668162
Mada	2	-0.159663	-0.0606226	0.0032184600000000002	-0.0029126200000000003	-0.002588735	0.00028585758999999996	-0.0008125130000000001	0.00411362	-0.0034786400000000003	-0.0023670225	-0.004743095	0.00351098	-0.004434265	-0.005646155	0.0171348	0.009400635000000001	0.01406375	0.00635043	0.02382765	-0.0017131949999999998
Madiga	2	0.029338799999999998	0.03227425	-0.07974144999999999	0.0704674	0.005556615	-0.00272003	0.021869	-0.01800285	-0.01708705	0.0008720804500000001	-0.014746249999999999	0.00580132	0.010006	0.00078391955	0.00331664	-0.00805194	0.0028103349999999997	-2.7798e-05	0.002241505	0.001430325
Makrani	25	0.060964277883240735	-0.039271824878471286	-0.04952972250357011	0.038190586025811546	-0.022784481300859354	0.015775788776493785	-0.027722936706233565	0.02275219579941959	0.016285778849100558	-0.0038112037083077722	0.03821463710428891	-0.013217960419589307	-0.04262069438697196	0.016688938804839074	-0.008501301744997677	0.02709393358117293	-0.018950524694638322	0.006836241077140701	0.016679714666315692	-0.008826246954325802
Mala	3	0.028362564022105803	0.034115173130049824	-0.07892656410881067	0.07066070415766941	0.009608869249727427	-0.003522592160391216	0.021422771579572827	-0.017828919945840037	-0.017944560762369135	0.0028853953978049706	-0.014391194025596748	0.005763633279622756	0.013482661425483558	-0.0025071329860557384	0.0036265379178232796	-0.003539448696714782	0.002918120707113597	-0.001300061769243585	0.0008364394978620208	-0.0009425984923254492
Mandenka	21	-0.16490800569434563	-0.06388557944589736	0.003708312614500475	-0.0024347505376395113	0.0023063519188605396	0.0029675361577813325	0.014251223518759688	0.015356812969056447	-0.00022762396878121344	0.00035475739364144055	-0.00115556088315702	0.0018404180323525936	-0.0008495004896056568	0.0028663762957924126	-0.0377825874703693	-0.008917037667912773	0.020663357335912232	0.00025661931969633454	0.02356305328098929	-0.0016692332145655552
Mansi	2	0.05294355	0.0348663	0.0266026	-0.0016105339999999998	0.0446842	0.009157925	-0.032000749999999994	0.02502555	-0.021104249999999998	0.02905345	-0.0007804124999999999	-0.004627825	-0.00460821	-0.0071981499999999995	-0.0010925595	0.00248892	0.00077557	-0.002946695	-0.001826449	0.040941649999999996
Maori	1	0.0453849	0.0206675	-0.00140515	-0.0285132	0.0250063	-0.0324084	0.00265595	-0.00167314	0.0131913	-0.0119367	0.00320332	-0.0109073	-0.00410014	-0.0119901	-0.00104178	-0.00345862	0.00391496	-0.00332531	-0.00276535	0.00250374
Masai	2	-0.10702149999999999	-0.06326485	-0.003679715	-0.008177095	-0.03368245	-0.005788685	-0.02252975	-0.014685199999999999	-0.017437	-0.009361885	-0.017568	0.00943101	-0.008256875	-0.01151305	0.04778665	0.0150588	0.03599175	0.00900977	0.0498989	-0.00171207
Maya	21	0.022508097949128118	0.0925635607925854	0.16147316256235728	0.11361707390996176	-0.008961895107318376	-0.0006378089793485688	-0.0024701527485504154	0.00013257289028651749	0.0006261481142453011	-0.006503143767154088	0.0019378006990539301	0.0010083311830681799	-0.00011171422696100034	4.586289713030029e-05	-0.0003170078902445765	-0.003006824822367413	-0.0014147311475784592	-0.005846038953679693	0.002350679232677819	0.005316441244852839
Mbuti	11	-0.16934371701511788	-0.06472867824416893	0.0004588296284523196	0.0006019234017591912	0.006010636519224682	-0.007121787340680587	-0.12169613061748812	-0.13813946211796949	0.004756299302217236	0.009886038470757525	-0.00260436175097108	0.004570307065867697	-0.0032931496762768	0.0001262468601822453	-0.02624960183836605	-0.0049680660709488615	-0.003948637331392683	0.00019935646357960922	-0.007813583582361273	-0.0006163995737376002
Miao	10	-0.013344442213161462	0.14863468832347537	-0.005642286228195635	-0.04408527007609367	-0.003463457765439646	0.004848027752257426	0.0030470728474753794	-0.004183533560650492	0.00811141377769315	-0.011787246101462394	0.0014131343025353595	-0.0001464911152267136	-0.0011302410516878295	-0.0002797184473830499	0.00020957385936371233	0.0007090490540039598	0.0004984207375953374	-4.670306095947978e-05	-0.0006642228814618416	0.00039514544145418073
Mixe	3	0.019128194604396152	0.10829621232041171	0.17181549046266256	0.12330795101829747	-0.008720277547725893	0.0019237357096736011	-0.004049749801600047	0.0016138978314696197	-0.00046484290578307727	-0.00692888594957369	0.0009370695042167803	0.0033363415431498585	-0.000539533795375846	-0.0016025881526500862	0.0014386851700266025	-0.003654379367164202	-0.0010018698232032992	-0.008401673961685178	0.004832109832151845	0.013645964763553392
Mixtec	2	0.025865199999999998	0.0758866	0.1447405	0.0970043	-0.007879625	-0.0009700910000000001	-1.2900000000000151e-05	0.0005228149999999999	0.000942488	-0.0049032	1.2049999999999995e-05	-0.001330355	-0.001886235	-0.0005284199999999999	-0.00060611	-0.003258505	-0.003074468	-0.00835644	0.004520455	0.016386400000000002
Mongolian	9	-0.004694575683819726	0.13540003627195735	0.002686514373250558	-0.03395707521478112	0.0004237467759631855	0.007423462950736546	-0.011157602565886247	0.010321428310036034	-0.012074183411563473	0.025628304957720616	0.00075959591286162	-0.0017886928227491528	-0.0004304949758653193	-0.00010755189729873695	-0.0005122455842150204	-0.00017002920841697433	0.0009073748851063379	0.0009166149490581597	-0.0005719436646450688	0.0017630087011409597
Mozabite	27	0.028882378729606042	-0.08212818666844574	0.004737086239246637	-0.03733014704586673	-0.07175336946031684	-0.01525961744074311	0.023017374375871483	0.0004999776579139522	-0.03192367553504449	0.0026722156189476487	-0.06641318275411412	0.08899008125304358	-0.09503262760801835	-0.059515843497151395	-0.019012305308234778	0.010561915079634809	-0.0304921495718415	-0.011225213272419045	-0.020735826165958485	-0.0028754318186239255
Mursi	2	-0.13624999999999998	-0.057441549999999994	-0.002705715	-0.002240845	-0.01437855	-0.00466541	-0.0246189	-0.01864905	-0.01279655	-0.00409409	-0.0147048	0.00762398	-0.008827405	-0.01320265	0.054889549999999995	0.0157799	0.03598595	0.010115945000000001	0.0594069	-0.003602895
Nahua	2	0.0220318	0.104154	0.1673685	0.1194615	-0.007985800000000001	0.00012285275	-0.00424815	0.00278572	-0.0008790690000000001	-0.00579089	0.001784319	-0.00209163	-0.002451235	-0.00298057	-0.00157635	-0.00443617	-0.0007300890000000001	-0.008690815000000001	0.005149895	0.01852955
Naxi	8	-0.01165996123375443	0.1430526366238368	-0.0054216673036905005	-0.037216998907595535	-0.0009547294284578024	0.004067674563501813	-0.0036433344299186578	0.002407949201469411	-0.004290728474507123	0.011077577302926581	-0.00016266719344869415	-0.0013499914094102638	0.0012325813869508463	-0.0010785248116604493	-0.0003623882821029218	0.0004503777923009679	-0.00015380368569815013	0.0004222841562168747	-0.0003851643487762541	0.0008374426299001527
Ngumba	2	-0.169284	-0.0622164	0.00225781	-0.0016457335	0.00496161	0.0008815155	-0.006941205	-0.007780654999999999	0.0007184019999999999	-5.491685e-05	0.001246625	-0.00069068985	0.00177078	0.0006122605000000001	0.013541045	0.0025605000000000003	-0.006574335000000001	0.0003080595	-0.004404931999999999	0.0004542375
North_Ossetian	2	0.08776980000000001	-0.05250235	-0.02002815	-0.0018381135	-0.025166	0.010715764999999999	-0.02601115	0.0218479	0.0153386	0.005428135000000001	0.03222435	-0.0031314945	-0.013867299999999999	0.0022071935	0.002325365	-0.013801850000000001	0.0112149	-0.00240293	-0.01783195	0.0073771800000000005
NorthernHan	10	-0.009518322375814778	0.14245616904421315	-0.002193338467407469	-0.03990578377979144	-0.0016324408010825644	0.006735521827471786	-0.005228247017172368	0.004836507736962847	-0.004297227574091012	0.013882848297731187	0.00014413212447060512	-0.0011756086715033278	0.0005527122207962468	-0.0007444538370642882	-0.00012408103239418912	-2.5679585086348917e-05	0.00036799423961043866	4.800594138691941e-05	-0.000500384785692366	-0.0019139737496293213
Norwegian	1	0.109244	-0.0763646	0.0193543	-0.0296057	0.0518595	0.00312396	-0.00906958	0.00288362	0.000872928	-0.00857175	0.00600689	-0.008098	-0.00247722	-0.0330059	0.00257447	-0.00840005	0.00183023	-0.00318445	-0.00273839	-0.00618271
Ogiek	2	-0.10380500000000001	-0.06297839999999999	-0.0032149400000000003	-0.008706235	-0.0316223	-0.00783263	-0.02489045	-0.01468035	-0.01609375	-0.009812175	-0.01952765	0.0109163	-0.00965101	-0.009589275000000001	0.0527985	0.0157058	0.03485225	0.010796900000000002	0.05362015	-0.0018736
Onge	2	-0.009630824999999999	0.0791827	-0.04258095	0.023474099999999998	0.00876448	-0.0410086	0.0195671	-0.016685699999999998	-0.01734475	-0.00681095	-0.0178535	0.008732445	0.01399315	-0.00126433	0.007726635	-0.001929755	0.00511407	0.001189565	0.004598575	-0.0004326775
Orcadian	14	0.11102939578377333	-0.08222840054318101	0.017912911659062777	-0.03284418325183498	0.041178389627359376	0.0017615856955249933	0.0016101722337768588	-0.003193857709631505	0.008986306100676342	-0.0008686000257735547	0.008144611861919497	-0.01882281560984786	-0.002706338349612179	-0.04711056888392234	0.0038080335222047596	-0.011954098145149727	0.0038432106399032186	0.0014046852766036078	0.01259229124692581	-0.006710216735346196
Oroqen	9	-0.005096448496649214	0.1367345215283665	0.008727946623095314	-0.027557969124348235	0.004377585530449948	0.006835147752694604	-0.019368755412862915	0.018556536700592183	-0.02487213899829108	0.04408557505783768	-0.000723054351232698	-0.00021342536162578384	0.0012620118659775674	-0.0005816666829919103	0.000688254433949173	-0.00016933471658125878	0.00046602976469293773	0.0012426952374169139	-0.00012050777125773737	0.01856712889405213
PEL	85	0.031727357160746456	0.06633944786634954	0.14288588924659903	0.09371533225008923	-0.011408632407472169	-0.001646656513970831	0.0007921187506023242	-0.002186877468292708	0.0025171516613057532	-0.00607812342144415	0.000911582616700279	0.0009505269161348475	-0.0005881280230565797	-3.385159928505148e-05	0.0019010961677566219	-0.0023400650224324766	-0.0013548547523231284	-0.007930457161050182	0.0017658472447385522	0.0011762741691362915
PJL	103	0.0495540645072425	0.002790477199070665	-0.06204636622601232	0.05743120003916075	0.007108046892818706	0.007258911397898169	0.002947946424018677	-0.0027824595409194955	-0.00286104590134708	0.0002539593850575518	0.0013299882738163629	-0.001201448255116585	-0.0009719515639563646	-0.0024270930545261735	-0.0005827081833244081	-0.0015219372076850865	0.00042069561225063925	0.00011982561997357675	0.0010657085750189414	0.0022404716079062028
PUR	104	0.05760982110480256	-0.054904319531559366	0.036613529028206984	-0.010977161233521864	-0.009505162160163762	-0.004800860179434411	0.01490271054009351	-0.009932648328733076	0.0036984909478137403	0.007914238606620176	-0.004645924236632658	6.788051628200025e-05	-1.4587740245883751e-05	0.004738140071989338	-0.003876536370451044	0.008601596503741434	0.007228310242498888	0.060737630090754134	-0.01211193455519426	0.01362723229370378
Palestinian	41	0.06837375835800431	-0.07515308823176828	-0.01584332402293278	-0.01794661166530737	-0.07863981965168622	-0.0036821902324407703	-0.017948760175710635	0.014730616078298253	-0.00732210921161406	-0.010607140616337775	0.0028820959843960333	0.0038096373703892096	-0.010079894111988199	0.023380178967984427	0.015562612594225006	-0.026454644684217626	0.05038567771510466	-0.013629264726420289	-0.031193203472417594	-0.005992679661767731
PapuanHighlands	9	-0.016213830324853417	0.0741185115812204	-0.04807381078599634	0.027369536416073294	0.02889849167797266	-0.2976802757231517	-0.01991662648836291	0.03127428916012969	0.011905434200805877	0.005580164159252175	0.012100772029198976	-0.004202383698182128	-0.004825546364580484	0.0013345619359345208	-0.0017748513302558691	0.0014301517757846652	-0.0009190706503731876	-0.0013398492828974099	-0.0015869388019325538	0.0016093551986901763
PapuanSepik	8	-0.015231369429663608	0.07431062816565934	-0.048678028674328695	0.02705732121902359	0.029045029078102132	-0.293742098739161	-0.01912555921901091	0.030157738523028263	0.011540348400854158	0.005563997419141123	0.012285871080765584	-0.0027860794098448897	-0.004025797770707188	0.00027590544385175636	-0.0027444191718117837	-0.0005998266405567305	-0.0012496084920342646	-0.000738487098180394	-0.002490624802563711	0.0012283157322546317
Pathan	24	0.06687114101736001	-0.021983011538679424	-0.047257485552459726	0.043500201185196985	0.001104768352434658	0.013162996282038765	-0.014708998100816103	0.012119625100527645	0.010982004771119852	0.0017789829461738965	0.015001231713746814	-0.006506469800596571	-0.012804731782424573	-0.0016439331493012404	-0.0029112874764351386	0.0014277193120313565	-0.0014534454667759651	0.0003241869629770837	-0.0021814930600260085	0.0057691655005415515
Pima	11	0.021294663597261402	0.10430375650419244	0.16279000119877962	0.11641240508607657	-0.0068820008301574385	0.0008900085412673277	-0.006678604270893383	0.003452024213948882	-0.00196156355440073	-0.0045520208142149545	0.0023455672121470003	0.0013794192202703148	6.742378846746784e-05	-0.005510612603897463	-0.0012711539984743064	-0.010741856096162461	-0.00565520321946086	-0.026595580922350037	0.013090186180474554	0.06189814569668928
Polish	1	0.108999	-0.0789812	0.0148825	-0.0299207	0.0376801	0.000672068	-0.0116585	0.0051643	-0.000499356	-0.0108404	0.00513717	0.00111336	-0.000688651	-0.00734777	0.00853958	-0.0180567	0.00816683	-0.00782621	-0.00241385	-0.00108563
Quechua	3	0.021205475917854613	0.10357029696567084	0.17673285579207912	0.12562311941579798	-0.011839498533097861	-0.0006433338208541997	-0.0031843098254366207	-5.8140870145822125e-05	0.0022394977842471538	-0.009726815431510782	0.0010112927841675703	0.0012667959000811802	-0.000321951687137746	-0.0009423333500633036	0.0027102299480068906	-0.0046842102022971255	-0.001963511021317186	-0.010034583375514054	0.004352832094142027	0.00292105301165089
Relli	2	0.02963645	0.031382	-0.07332179999999999	0.06176015	0.007566135	-0.0029959749999999997	0.0178135	-0.01605525	-0.0125846	-0.00428191	-0.009032625	0.004407615	0.0070102014999999995	-0.00027946045000000003	0.00030043499999999994	-0.0014608455	0.0011054850000000002	-0.0016395030999999999	0.0004076050000000001	-0.0009961
Rendille	2	-0.0693623	-0.0652105	-0.00455009	-0.014492999999999999	-0.05121745	-0.00736295	-0.023301250000000003	-0.008083675	-0.0227025	-0.014076149999999999	-0.022628799999999998	0.006592084999999999	-0.009912424999999999	-0.010338415	0.0470234	0.013088474999999999	0.0374174	0.00792204	0.05136545	-0.0036723550000000004
Russian	25	0.10002137798108109	-0.058633170123225525	0.0180886076010907	-0.02345629288136475	0.056987363740307384	0.006086932103564946	-0.020515849584087233	0.014826776511175607	-0.013546849763805737	-0.01176081949189612	-0.00022579596217134218	0.002454394931269689	-0.0014974111854803695	-0.002340288297010108	-0.000429646116156407	-0.0020994251896597105	0.003331605373502852	-0.004371251826870231	-0.0012857142285675875	0.012696049037946657
STU	101	0.03497212081198754	0.020446058038374865	-0.07525383649472983	0.06749542569210384	0.004060907302190151	0.0016492017943831832	0.013893137938221318	-0.01158678414503652	-0.011639699024547886	-0.00012315591934040926	-0.00606784067160938	0.00248029762188669	0.005734249204971416	0.0013637051428243604	0.001176789230951367	-0.0005570891766503286	0.0003427298304265871	0.00014179245297616974	0.002213043391363367	-0.00037705650781936443
Saami	2	0.08529845	-0.0241952	0.02977375	-0.02127585	0.07247100000000001	0.006014085000000001	-0.02960085	0.024722050000000002	-0.02727315	-0.00565575	-0.01034875	0.012779045	0.005314315	0.0053018100000000006	-0.0011583315	0.00633786	-0.00309961	0.009794839999999999	0.0042221285	0.021754700000000002
Saharawi	2	0.024502799999999998	-0.0816179	0.0021586915	-0.036942199999999994	-0.07456825	-0.01429515	0.016294450000000002	0.0035136950000000003	-0.0283454	-0.00590149	-0.0445959	0.0304414	-0.03323565	-0.015376399999999998	-0.007093904999999999	0.00658691	0.004177635	0.005706385	0.009153040000000001	2.9079999999999905e-05
Samaritan	1	0.0816754	-0.0801054	-0.0181162	-0.0206967	-0.0888757	-0.004251	-0.0171049	0.011856	-0.00692459	-0.00845254	0.00582069	0.00772412	0.000240615	0.0315289	0.00597486	-0.0156152	0.015388	-0.00492386	-0.000673871	-0.00546152
San	6	-0.16090184185985953	-0.06475557950671051	0.00040727700174220154	5.955979332256342e-05	0.0018985496311109632	-0.010175937723117609	-0.1243836685126541	-0.14199452770494952	0.0027008938586302223	0.009832375293052083	-0.0033021473404441734	0.0036265885938703848	-0.002803722442432829	0.0007182212706764826	-0.0502724544804	-0.015515107483571988	0.004861773738746856	-0.003668879893427406	0.001403567999540602	0.0041289697353689495
Sandawe	2	-0.11452200000000001	-0.063179	-0.0025639649999999996	-0.005821244999999999	-0.026167700000000002	-0.008336795000000001	-0.0367687	-0.0301899	-0.011034775	-0.004725435	-0.012702999999999999	0.0056723599999999996	-0.0071803100000000005	-0.007784865	0.0315178	0.010795450000000002	0.0239217	0.0041305149999999995	0.0373611	0.0005532145
Sardinian	28	0.10922510930199995	-0.09532955605584068	0.016329177443068332	-0.059901319970755366	-0.04284982579842125	-0.015989261473569983	0.03985422075379329	-0.033661195534607946	0.002349203343781851	0.027365634644444553	-0.008958656981885051	0.020023447096441684	0.019075447810048204	0.06327639176852974	0.007002519184717498	-0.03460798570772232	-0.06394554496083987	-0.0032939744981398495	0.04558698151521856	-0.0012263590431796593
Sengwer	2	-0.119565	-0.05993105	-0.00373288	-0.0036438850000000004	-0.0253078	-0.005141275	-0.0271063	-0.019251949999999997	-0.015209199999999999	-0.006920694999999999	-0.016212749999999998	0.006246105	-0.007779980000000001	-0.01244255	0.052502099999999996	0.0144667	0.03275755	0.00963332	0.057594400000000004	-0.00248131
She	9	-0.012701993055783524	0.15058957887471303	-0.006035417181148001	-0.044815435942839356	-0.0038708374971668865	0.00586265903894497	0.003160440862017578	-0.0033355668798023645	0.007008791310174655	-0.010654062668864137	0.0016881875785379687	6.803349825919559e-06	-0.001130856168811392	-0.00013426164943276643	0.00029254742795635887	0.0007962220546098482	-0.001007523344611081	-0.0010998082006246914	-0.0005923140125837577	-0.00011579141557276877
Sherpa	2	-0.009317240000000001	0.1329095	-0.007055825	-0.0258166	0.0006299495	0.0014405055	-0.007828215	0.00599445	-0.012370099999999998	0.02488605	-0.00322919	-0.002882255	0.00256972	-0.0015442779999999998	0.0014782705	0.00014539999999999996	-9.84e-06	-2.7548000000000015e-05	-0.0003501705	0.0021738555000000003
Sindhi	23	0.05887422047392389	-0.01589199914708319	-0.05617817684086191	0.05143450705849473	-0.000611126414950146	0.01229135890014646	-0.010439485298208638	0.009356919731600613	0.008017122585172622	-0.00027574734483506975	0.015711796005521278	-0.0064694587294066895	-0.01530554673867523	0.0028569767234950523	-0.0038434772254521982	0.00806332863634768	-0.004998216031660364	0.001980313405939803	0.0024633039769848993	0.0008942047724973748
Somali	1	-0.0610203	-0.064408	-0.00500627	-0.0158058	-0.0598713	-0.00659774	-0.02266	-0.00564244	-0.0280271	-0.0134373	-0.0285712	0.0127531	-0.0143138	-0.0117186	0.0500719	0.0116448	0.045226	0.00823163	0.0475376	0.000231326
Surui	5	0.01751952679794901	0.10886096599229327	0.1820435233229165	0.1337218824983395	-0.012917854867400873	-0.0008033727728805883	-0.002853194163365394	-0.002294238028354187	0.0009929602675256125	-0.014390198949788737	0.0016700258677399922	0.002994574824811185	0.0031784312799614293	0.001386407714080696	-0.0007589069735397624	-0.006129696759829692	-0.003711340645031935	0.02299276551936463	-0.006114484256507577	-0.05280441823046911
TSI	107	0.10425382814853255	-0.08405821914844341	0.004767944405985504	-0.03466382403627351	-0.02212014426126914	-0.003523071555756562	0.005228485688101125	-0.0051207393336606	0.004660573957224871	0.006088780593747394	0.007891924743990931	1.8905651702629602e-05	0.0004554291742422929	0.00994563304976816	0.004941892517210283	-0.021498159898453762	-0.003445574611512359	-0.003968098405064888	-0.0006734295651726881	-0.00044245139397397097
Tajik	2	0.0785851	-0.0375766	-0.0213452	0.02419015	0.01036156	0.01841285	-0.023963699999999998	0.0169798	0.0173412	0.00411163	0.021074	-0.01067983	-0.014700600000000001	-0.0052120855	-0.0012789999999999998	-0.003031351	0.0008563799999999999	-0.008489785	-0.00374063	0.010886400000000001
Thai	2	-0.008257335000000001	0.1328095	-0.01877655	-0.0326958	-0.00297024	0.0002922185	0.009799835	-0.012776699999999998	0.01579015	-0.0324753	4.2785000000000045e-05	0.0016881	0.000483908	-0.00023932	-0.000561263	0.0006636145	0.0004778095	-0.0007771945	0.0011239045	0.0087003
Tibetan	2	-0.007178159999999999	0.127501	-0.0072876799999999995	-0.02576615	-0.000136961	0.003124315	-0.008065639999999999	0.00855523	-0.01263245	0.025125799999999997	-0.001715525	-0.0015466949999999998	0.002680365	-0.00212212	0.000483163	0.000308683	-0.001048221	0.000867734	-0.0003191909	-0.002382985
Tikar_South	2	-0.168669	-0.06372235	0.00235215	-0.0014849949999999998	0.0039008949999999997	0.00129894	-0.0013749765	8.67499999999998e-06	0.003360835	0.00012994924999999998	0.003541935	-0.0007395835	0.0014839215	-0.00018458445	0.01231645	0.00223838	-0.0045952300000000005	-0.001736595	-0.007817225	0.0013079055
Tlingit	2	0.0652858	0.009251269999999999	0.051001649999999996	0.012193530000000001	0.03403665	0.00460147	-0.01906195	0.016971550000000002	-0.01465315	0.006457195	-0.0007282333	0.0005258765	0.00048665000000000015	-0.0055137599999999995	-0.000402345	-0.000891485	-0.0009915050000000002	-0.008015155	-0.0007287915	0.03393355
Tu	10	-0.004327882097208448	0.1306726680433835	-0.0032493263466537624	-0.034099635183508024	-0.0008672276990422507	0.006215542737092042	-0.007371249834775475	0.006735346573489825	-0.007805449304744283	0.017792856066693733	0.0014646280097009021	-0.0010387848953615582	0.0003568125963478357	-0.0007550940654673599	-0.0001663542307398947	0.00040430585631873124	0.0002671891979619926	0.00023664288291814597	-0.00016045152857623073	8.874095214129641e-05
Tubalar	2	0.03727975	0.05774655	0.012113599999999999	-0.00045011265	0.0237237	0.011614550000000001	-0.02727575	0.02152625	-0.0174164	0.0327362	0.0034317049999999997	-0.0068693650000000005	-0.00733515	-0.008292615	0.001171385	0.00214767	0.00149402	0.001906895	0.00019192274999999998	0.0247857
Tujia	9	-0.0125249495531057	0.14871120613711364	-0.0054459058579906724	-0.044205934048536816	-0.0029865313708332523	0.005539133461685021	0.00016423078438196738	-0.0014527810081661945	0.0037038160544242194	-0.0031963074399182162	0.0006076784979215293	-0.00028241766723562507	-0.0008400443639250113	-0.0011599978591020715	-0.00019721625047708466	0.0005629964256241358	-7.866607496115596e-05	4.056303068185351e-05	4.982710298614044e-05	-0.000681871383370697
Turkish	2	0.08593835	-0.0609759	-0.014356299999999999	-0.0117617	-0.0445513	0.00313348	-0.018447449999999997	0.015329200000000001	0.004305595	0.000395395	0.0241827	9.475899999999999e-05	-0.00609718	0.010220239999999998	0.0064408899999999995	-0.0225118	0.003699305	-0.00469877	-0.01200827	0.007047970000000001
Tuscan	8	0.10404486594569369	-0.08355759349846278	0.0058145078897965	-0.036091444157243226	-0.022365626047195795	-0.003591154555857267	0.004809707391238172	-0.0023795312524909247	0.00558707184162755	0.0050083845090506205	0.0087585148260802	-0.0014018363889533893	0.0026641102865644526	0.010879872673024225	0.005311842592281855	-0.018064245142121203	0.0008425867398899702	-0.0010229865082386391	-0.003453937688328227	-7.464794108465647e-05
Ulchi	2	-0.00674937	0.137162	0.014984399999999998	-0.019616250000000002	0.006691310000000001	0.005233415	-0.0245037	0.02079105	-0.03428775	0.059905150000000004	-0.003029845	-0.001979135	0.002849125	-0.00117942	0.00017919099999999999	0.0004896585	0.0015870025	0.0013677035	0.000571675	0.01749015
Uygur	10	0.040016551751946565	0.04415240051866783	-0.009088654530085805	-0.004640060740511686	0.003254787038262062	0.009737173843850573	-0.016629557713333267	0.013957700850787704	-0.00313589533969206	0.018083422841561142	0.00865542412375919	-0.0051872366012181365	-0.005474400895478963	-0.0029910180163217437	-0.00027406519866916455	0.0005272733781247592	0.00236095882482614	0.000297550946481156	-0.002443867314903224	0.007629988321991476
Xibo	9	-0.005007407031831978	0.13505899737252175	0.0017071681797039254	-0.03437143399357235	0.001049154353982979	0.006753545328739284	-0.011407462067709297	0.011883454517127466	-0.01415487340109488	0.028091083748741207	0.0002104765197103472	-0.0017800363991226228	0.0002439715191338192	-0.0008214058933550695	0.0002726797249142399	-0.00044547654630375743	-0.0001613858711110191	0.0005567789389865031	-0.0007462051826914807	0.00315502325909513
YRI	120	-0.16944916184489	-0.06344883591313251	0.003889181632135597	-0.0010113982779124747	0.005202007594800586	0.003001272501683016	0.011080021974438508	0.013289016962902012	0.001786354117709996	0.0003643792133337208	0.0034732458204400295	-0.002974210729642973	0.0027342275667275066	0.0014912230053413446	0.00856258668219054	0.0012148266167026469	-0.012574735887096846	-0.0029962183617715694	-0.01584709679366764	0.0008576627455211815
Yadava	2	0.033464850000000004	0.02235665	-0.0745711	0.0656642	0.00474018	0.000720809	0.012278150000000002	-0.00969024	-0.008695255	-0.00027956500000000007	-0.00620415	0.0027213	0.007520870000000001	-0.000933863	0.001406989	-0.002634575	0.000269596	-0.0006085505	0.002381832	0.0011588655
Yakut	25	0.007519339727428187	0.1127093837124765	0.014059342099102767	-0.016635183262526672	0.01253589044686905	0.008984626011249611	-0.03074511866437887	0.02869118716999185	-0.03774512829504234	0.06297864213474827	-0.0009315505630473116	-0.0008912285705241601	0.0004177181154295311	-0.0010936943145264698	0.0001802223609263235	0.0007571708437853753	0.0027785695975229303	0.005046698415358774	-0.0011499801973310385	0.047105017369241095
Yemenite_Jew	2	0.0686938	-0.0772843	-0.01856895	-0.0220933	-0.10252700000000001	-0.00913334	-0.02350055	0.0138268	-0.0232717	-0.02203615	-0.009071365	-0.004375345	-0.003741805	0.002871008	0.01074345	-0.01429195	0.01909305	-0.0030503149999999996	0.00139783545	-0.0014231620000000002
Yi	10	-0.012678524053806893	0.14424899232968433	-0.0047268506090838835	-0.03695201466330376	-0.0016290513896274421	0.0037917714550303994	-0.0030283747577056104	0.0025765443274821964	-0.0038774318780552012	0.009310707656865178	-0.00033604772825161403	-0.0016017005036779183	0.0006702696258732798	-0.0005043996130964502	0.0002551782065868406	0.0006147903108609287	-4.1134845717221293e-05	0.00023341817019893298	-0.0009656482621455488	0.00015821330648991492
Yoruba	22	-0.1701140530529074	-0.06337223059779841	0.00397065239667716	-0.0013871094407665026	0.005186670823540305	0.003354705878753184	0.011343508781928384	0.013482736787970602	0.0021010032081800853	0.00020637989324780875	0.003660690811168872	-0.0031624608436690085	0.0035334498291261867	0.0013362427505436282	0.010446959308332079	0.0009234495273487881	-0.013751538107757333	-0.00263553329003387	-0.01736049435805792	0.0009445578824286575
Zapotec	2	0.02146795	0.10047565	0.1659135	0.116646	-0.008718585000000001	-0.00030114500000000006	-0.00397991	0.00247716	0.000541011	-0.007277485	0.0033369050000000003	0.00020759099999999997	-0.00102578	-0.00012378499999999995	0.00042887800000000005	-0.0036950250000000002	-0.00311274	-0.008820265	0.003382	0.0138925
