pop1,pop2,fst_hudson
ACB,ASW,0.002
ACB,BEB,0.0934
ACB,CDX,0.1324
ACB,CEU,0.1014
ACB,CHB,0.1324
ACB,CHS,0.1335
ACB,CLM,0.0816
ACB,ESN,0.0034
ACB,FIN,0.1044
ACB,GBR,0.1017
ACB,GIH,0.0954
ACB,GWD,0.006
ACB,IBS,0.0975
ACB,ITU,0.0954
ACB,JPT,0.1344
ACB,KHV,0.1304
ACB,LWK,0.0064
ACB,MSL,0.0044
ACB,MXL,0.0972
ACB,PEL,0.1325
ACB,PJL,0.092
ACB,PUR,0.0699
ACB,STU,0.0949
ACB,TSI,0.0986
ACB,YRI,0.0025
ASW,BEB,0.0755
ASW,CDX,0.1178
ASW,CEU,0.0805
ASW,CHB,0.1174
ASW,CHS,0.1186
ASW,CLM,0.062
ASW,ESN,0.0088
ASW,FIN,0.0837
ASW,GBR,0.0808
ASW,GIH,0.0773
ASW,GWD,0.0098
ASW,IBS,0.0772
ASW,ITU,0.0778
ASW,JPT,0.1194
ASW,KHV,0.1154
ASW,LWK,0.009
ASW,MSL,0.0094
ASW,MXL,0.0772
ASW,PEL,0.1144
ASW,PJL,0.0735
ASW,PUR,0.0515
ASW,STU,0.0774
ASW,TSI,0.0783
ASW,YRI,0.008
BEB,CDX,0.0527
BEB,CEU,0.0368
BEB,CHB,0.0518
BEB,CHS,0.0528
BEB,CLM,0.0278
BEB,ESN,0.1174
BEB,FIN,0.0372
BEB,GBR,0.0372
BEB,GWD,0.1131
BEB,IBS,0.0375
BEB,JPT,0.0542
BEB,KHV,0.0494
BEB,LWK,0.1077
BEB,MSL,0.1174
BEB,MXL,0.0344
BEB,PEL,0.0669
BEB,PUR,0.0282
BEB,TSI,0.0362
BEB,YRI,0.1161
CDX,CEU,0.0978
CDX,CHB,0.0084
CDX,CHS,0.0047
CDX,CLM,0.0719
CDX,ESN,0.1544
CDX,FIN,0.0925
CDX,GBR,0.0985
CDX,GIH,0.0685
CDX,GWD,0.1498
CDX,IBS,0.0973
CDX,ITU,0.0646
CDX,JPT,0.0166
CDX,KHV,0.0016
CDX,LWK,0.1456
CDX,MSL,0.1555
CDX,MXL,0.0675
CDX,PEL,0.0849
CDX,PJL,0.066
CDX,PUR,0.0773
CDX,STU,0.0633
CDX,TSI,0.0972
CDX,YRI,0.1526
CEU,CHB,0.096
CEU,CHS,0.0977
CEU,CLM,0.0143
CEU,ESN,0.1291
CEU,FIN,0.0062
CEU,GBR,0.0002
CEU,GIH,0.0325
CEU,GWD,0.1244
CEU,IBS,0.0022
CEU,ITU,0.038
CEU,JPT,0.0985
CEU,KHV,0.0946
CEU,LWK,0.1189
CEU,MSL,0.129
CEU,MXL,0.0334
CEU,PEL,0.0804
CEU,PJL,0.0269
CEU,PUR,0.01
CEU,STU,0.0385
CEU,TSI,0.0034
CEU,YRI,0.1278
CHB,CHS,0.001
CHB,CLM,0.0689
CHB,ESN,0.1546
CHB,FIN,0.0901
CHB,GBR,0.0968
CHB,GIH,0.0673
CHB,GWD,0.1499
CHB,IBS,0.0957
CHB,ITU,0.0636
CHB,JPT,0.0068
CHB,KHV,0.0062
CHB,LWK,0.1456
CHB,MSL,0.1556
CHB,MXL,0.0628
CHB,PEL,0.0786
CHB,PJL,0.0647
CHB,PUR,0.0752
CHB,STU,0.0623
CHB,TSI,0.0956
CHB,YRI,0.1527
CHS,CLM,0.0708
CHS,ESN,0.1555
CHS,FIN,0.092
CHS,GBR,0.0985
CHS,GIH,0.0685
CHS,GWD,0.1509
CHS,IBS,0.0973
CHS,ITU,0.0647
CHS,JPT,0.0086
CHS,KHV,0.0031
CHS,LWK,0.1466
CHS,MSL,0.1565
CHS,MXL,0.065
CHS,PEL,0.0811
CHS,PJL,0.066
CHS,PUR,0.0769
CHS,STU,0.0634
CHS,TSI,0.0972
CHS,YRI,0.1536
CLM,ESN,0.1063
CLM,FIN,0.0178
CLM,GBR,0.0146
CLM,GIH,0.0278
CLM,GWD,0.1021
CLM,IBS,0.0134
CLM,ITU,0.0308
CLM,JPT,0.0707
CLM,KHV,0.0689
CLM,LWK,0.097
CLM,MSL,0.1061
CLM,MXL,0.009
CLM,PEL,0.038
CLM,PJL,0.023
CLM,PUR,0.0056
CLM,STU,0.0309
CLM,TSI,0.0143
CLM,YRI,0.1051
ESN,FIN,0.1319
ESN,GBR,0.1295
ESN,GIH,0.12
ESN,GWD,0.0075
ESN,IBS,0.1247
ESN,ITU,0.1195
ESN,JPT,0.1564
ESN,KHV,0.1525
ESN,LWK,0.0077
ESN,MSL,0.0051
ESN,MXL,0.1219
ESN,PEL,0.1559
ESN,PJL,0.1167
ESN,PUR,0.0938
ESN,STU,0.1189
ESN,TSI,0.1258
ESN,YRI,0.0008
FIN,GBR,0.0066
FIN,GIH,0.0343
FIN,GWD,0.1272
FIN,IBS,0.0101
FIN,ITU,0.0393
FIN,JPT,0.0924
FIN,KHV,0.0893
FIN,LWK,0.1219
FIN,MSL,0.1319
FIN,MXL,0.0338
FIN,PEL,0.0772
FIN,PJL,0.0289
FIN,PUR,0.0149
FIN,STU,0.0398
FIN,TSI,0.0116
FIN,YRI,0.1306
GBR,GIH,0.0328
GBR,GWD,0.1248
GBR,IBS,0.0024
GBR,ITU,0.0384
GBR,JPT,0.0993
GBR,KHV,0.0953
GBR,LWK,0.1193
GBR,MSL,0.1294
GBR,MXL,0.0338
GBR,PEL,0.0809
GBR,PJL,0.0272
GBR,PUR,0.0102
GBR,STU,0.0389
GBR,TSI,0.0037
GBR,YRI,0.1282
GIH,GWD,0.1156
GIH,IBS,0.0334
GIH,JPT,0.0693
GIH,KHV,0.065
GIH,LWK,0.1101
GIH,MSL,0.12
GIH,MXL,0.037
GIH,PEL,0.0725
GIH,PUR,0.0269
GIH,TSI,0.0317
GIH,YRI,0.1186
GWD,IBS,0.1199
GWD,ITU,0.1151
GWD,JPT,0.1517
GWD,KHV,0.1479
GWD,LWK,0.0108
GWD,MSL,0.0036
GWD,MXL,0.1175
GWD,PEL,0.1515
GWD,PJL,0.1124
GWD,PUR,0.0898
GWD,STU,0.1145
GWD,TSI,0.121
GWD,YRI,0.0062
IBS,ITU,0.0384
IBS,JPT,0.0981
IBS,KHV,0.0942
IBS,LWK,0.1145
IBS,MSL,0.1247
IBS,MXL,0.0339
IBS,PEL,0.082
IBS,PJL,0.0278
IBS,PUR,0.0081
IBS,STU,0.0389
IBS,TSI,0.0015
IBS,YRI,0.1234
ITU,JPT,0.0656
ITU,KHV,0.0611
ITU,LWK,0.1096
ITU,MSL,0.1195
ITU,MXL,0.0391
ITU,PEL,0.0732
ITU,PUR,0.0303
ITU,TSI,0.0367
ITU,YRI,0.1181
JPT,KHV,0.014
JPT,LWK,0.1475
JPT,MSL,0.1574
JPT,MXL,0.0643
JPT,PEL,0.0795
JPT,PJL,0.0669
JPT,PUR,0.0773
JPT,STU,0.0642
JPT,TSI,0.0981
JPT,YRI,0.1545
KHV,LWK,0.1435
KHV,MSL,0.1535
KHV,MXL,0.0643
KHV,PEL,0.0817
KHV,PJL,0.0626
KHV,PUR,0.0744
KHV,STU,0.0598
KHV,TSI,0.094
KHV,YRI,0.1507
LWK,MSL,0.0093
LWK,MXL,0.1125
LWK,PEL,0.1472
LWK,PJL,0.1069
LWK,PUR,0.0849
LWK,STU,0.1091
LWK,TSI,0.1154
LWK,YRI,0.0071
MSL,MXL,0.1218
MSL,PEL,0.1567
MSL,PJL,0.1167
MSL,PUR,0.0935
MSL,STU,0.1189
MSL,TSI,0.1258
MSL,YRI,0.0039
MXL,PEL,0.017
MXL,PJL,0.0327
MXL,PUR,0.018
MXL,STU,0.039
MXL,TSI,0.0345
MXL,YRI,0.1205
PEL,PJL,0.0688
PEL,PUR,0.0548
PEL,STU,0.0728
PEL,TSI,0.0825
PEL,YRI,0.1541
PJL,PUR,0.022
PJL,TSI,0.0262
PJL,YRI,0.1154
PUR,STU,0.0305
PUR,TSI,0.009
PUR,YRI,0.0927
STU,TSI,0.0373
STU,YRI,0.1175
TSI,YRI,0.1245
